query,intent
How can I reset my university email password?,IT
Campus WiFi is not working properly,IT
Internet speed is very slow on campus,IT
I forgot my UMS password,IT
UMS portal login error is showing,IT
LAN connection in lab is not working,IT
University email is not accessible,IT
WiFi disconnects frequently in hostel,IT
How can I configure campus WiFi?,IT
IP phone in department is not working,IT
How can I report network issues?,IT
Software portal is not loading,IT
Need help with university login credentials,IT
How to change email password?,IT
Internet not working in classroom,IT
WiFi signals are weak in my block,IT
Unable to access student portal,IT
How to contact IT support?,IT
Need special network access for research,IT
Technical issue with university system,IT
How do I apply for admission?,Admissions
Where can I upload admission documents?,Admissions
Admission payment is pending,Admissions
How to check admission status?,Admissions
What is admission eligibility?,Admissions
How can I contact admission office?,Admissions
How to correct admission form details?,Admissions
Is financial aid available during admission?,Admissions
What entrance exam is required?,Admissions
How to apply for scholarship at admission?,Admissions
How to request admission refund?,Admissions
Admission documents show pending,Admissions
How to transfer program after admission?,Admissions
Admission counseling schedule?,Admissions
Admission fee payment failed,Admissions
How to change admission program?,Admissions
How to update admission details?,Admissions
Admission deadline for application?,Admissions
Admission referral policy details?,Admissions
Need help with accommodation disclosure,Admissions
When will exam results be declared?,Examination
How to apply for re‑evaluation?,Examination
How to apply for exam scrutiny?,Examination
Exam seating plan details?,Examination
How to register for reappear exam?,Examination
Exam timetable not visible,Examination
How to improve exam marks?,Examination
Exam registration issue,Examination
Capstone result status?,Examination
Internship exam result?,Examination
Dissertation evaluation result?,Examination
Viva seating plan?,Examination
How to request exam correction?,Examination
Exam attendance issue?,Examination
Exam improvement registration?,Examination
Theory exam schedule?,Examination
Where to check grade sheet?,Examination
Exam portal not updating marks,Examination
How to apply for exam rechecking?,Examination
Need help with exam form submission,Examination
How to download fee receipt?,Fees_and_Account
Tuition fee not updated,Fees_and_Account
How to request fee refund?,Fees_and_Account
Where to check fee structure?,Fees_and_Account
How to get fee certificate?,Fees_and_Account
Scholarship payment pending,Fees_and_Account
Hostel fee not updated,Fees_and_Account
How to apply for reimbursement?,Fees_and_Account
Need demand letter for loan,Fees_and_Account
How to check semester fee breakdown?,Fees_and_Account
Fee portal showing error,Fees_and_Account
How to download fee schedule?,Fees_and_Account
How to apply for financial assistance?,Fees_and_Account
How to check payment history?,Fees_and_Account
Refund after program withdrawal?,Fees_and_Account
Need official fee document,Fees_and_Account
Late fee charged incorrectly,Fees_and_Account
How to update payment details?,Fees_and_Account
Where to contact accounts office?,Fees_and_Account
Need tuition fee statement,Fees_and_Account
How can I apply for hostel leave?,Residential_Services
No water supply in hostel room,Residential_Services
library system not allowing me to reserve book online please check,Library
Laundry machines not working,Residential_Services
Garbage near hostel entrance,Residential_Services
Need emergency hostel leave,Residential_Services
Mess not serving food on time,Residential_Services
Ironing service not available,Residential_Services
Hostel security issue,Residential_Services
Hostel staff behaviour issue,Residential_Services
Medical emergency in hostel,Residential_Services
How to contact hostel office?,Residential_Services
I want to report theft on campus,Security_and_Safety
Harassment by another student,Security_and_Safety
Threatening calls received,Security_and_Safety
Fight between students reported,Security_and_Safety
Suspicious activity near hostel,Security_and_Safety
Report staff misconduct,Security_and_Safety
Unsafe behaviour in corridor,Security_and_Safety
How to contact campus security?,Security_and_Safety
Theft in parking area,Security_and_Safety
Complaint about eve teasing,Security_and_Safety
Security issue in library,Security_and_Safety
Lost belongings in hostel,Security_and_Safety
Need help with safety concern,Security_and_Safety
How to escalate security complaint?,Security_and_Safety
Discipline issue on campus,Security_and_Safety
Emergency security contact?,Security_and_Safety
Report threatening email,Security_and_Safety
Safety complaint registration,Security_and_Safety
Unauthorized entry in campus,Security_and_Safety
Security office contact details?,Security_and_Safety
What are library timings?,Library
How to reserve a book?,Library
Check book availability?,Library
Library fine payment process?,Library
How to get library no‑dues?,Library
Access online journals?,Library
Plagiarism software access?,Library
Library discipline rules?,Library
Digital books access?,Library
Where is baggage counter?,Library
Lost library book procedure?,Library
Library card issue?,Library
How to extend book return date?,Library
Reading hall timing?,Library
Access newspapers in library?,Library
Library computer center access?,Library
Library resource login issue?,Library
Journal access problem?,Library
Library staff contact?,Library
How to check borrowed books?,Library
How to check attendance?,Academics
Download academic calendar?,Academics
Request makeup class?,Academics
Timetable release date?,Academics
How to change academic program?,Academics
Elective polling process?,Academics
Report faculty behaviour?,Academics
Class schedule conflict?,Academics
Course syllabus access?,Academics
Attendance shortage issue?,Academics
Credit transfer process?,Academics
Semester break dates?,Academics
Guest lecture information?,Academics
Academic record correction?,Academics
Degree extension request?,Academics
How to check CA marks?,Academics
Programme continuation request?,Academics
Lab manual access?,Academics
Academic grievance submission?,Academics
Where to download instruction plan?,Academics
How to apply for research grant?,Division_of_Research_and_Development
PhD thesis submission process?,Division_of_Research_and_Development
Research publication upload?,Division_of_Research_and_Development
PhD seminar schedule?,Division_of_Research_and_Development
Research incentive details?,Division_of_Research_and_Development
IPR registration process?,Division_of_Research_and_Development
Patent filing guidance?,Division_of_Research_and_Development
Supervisor change request?,Division_of_Research_and_Development
PhD evaluation status?,Division_of_Research_and_Development
Research fellowship details?,Division_of_Research_and_Development
Conference paper submission?,Division_of_Research_and_Development
Research grant reimbursement?,Division_of_Research_and_Development
PhD registration renewal?,Division_of_Research_and_Development
Thesis pre‑submission query?,Division_of_Research_and_Development
Research certificate request?,Division_of_Research_and_Development
Annual progress report submission?,Division_of_Research_and_Development
Research topic modification?,Division_of_Research_and_Development
Paper log ID status?,Division_of_Research_and_Development
Research document upload issue?,Division_of_Research_and_Development
PhD coursework query?,Division_of_Research_and_Development
Visa extension process?,International_Affair
FRRO registration help?,International_Affair
Semester exchange eligibility?,International_Affair
Study abroad application?,International_Affair
International student orientation?,International_Affair
Residence permit process?,International_Affair
Passport update in records?,International_Affair
Immigration support contact?,International_Affair
International scholarship info?,International_Affair
Global immersion program?,International_Affair
Exchange partner universities?,International_Affair
Travel documentation request?,International_Affair
Visa renewal documents?,International_Affair
FRRO appointment booking?,International_Affair
International office contact?,International_Affair
Overseas internship query?,International_Affair
Student exchange registration?,International_Affair
International cultural program?,International_Affair
Foreign student support services?,International_Affair
How to extend stay in India?,International_Affair
How to register for placement drive?,Placements
Internship approval request?,Placements
Placement joining status?,Placements
Download placement offer letter?,Placements
Cancel internship request?,Placements
Placement duty leave?,Placements
Placement portal login issue?,Placements
Live industry project info?,Placements
Summer internship registration?,Placements
Reject placement offer process?,Placements
Placement results update?,Placements
Career pathway change?,Placements
OJT internship query?,Placements
Placement reinstatement fee?,Placements
Placement services exit request?,Placements
Placement cell contact?,Placements
Drive registration status?,Placements
Internship cancellation process?,Placements
Placement policy details?,Placements
Company interview schedule?,Placements
"I want information about the mechanics (MEC136) exam pattern and question format.""",Academics
My timetable is not updated for the Operating Systems subject. Please update it.,Academics
I want to change my mode of classes from offline to online.,Academics
I need clarification regarding the question paper pattern for MCQs and non-MCQs.,Academics
I need a letter of recommendation for bank or admission purposes.,Admissions
I was unable to connect my camera and microphone during the online exam and request rescheduling.,Examination
I missed my exam due to technical issues.,Examination
I want to know about the I-Grade exam date sheet.,Examination
I have filled the improvement form but my exam date has not been released yet.,Examination
I want to withdraw my previous RMS request related to examination.,Examination
I want to download my academic transcript and semester results.,Examination
I have an attendance issue where I was marked absent due to class cancellation.,Examination
I paid my hostel and loan fees but the payment is not updated in UMS.,Fees_and_Account
I was charged a late fee even though I paid on time.,Fees_and_Account
I need a demand letter for fee payment.,Fees_and_Account
I need a loan letter for tuition fees only but extra charges were included.,Fees_and_Account
My bank loan approval is delayed.,Fees_and_Account
I want to know the last date for submission of Annexure 2.,Fees_and_Account
I paid uniform fees through UMS GPay but it is still showing pending.,Fees_and_Account
I want to change my LPU email password.,IT
I am facing issues with the UMS software.,IT
My allotted hostel room was assigned to someone else.,Residential_Services
I want to shift my hostel room through mutual understanding.,Residential_Services
I want adjustment in the same hostel room with my friends.,Residential_Services
I want to know if I can get my preferred hostel room upon arrival.,Residential_Services
I have an issue regarding hostel room allocation.,Residential_Services
The hostel food quality is not good and the menu is repetitive.,Residential_Services
The tube light in my room is not working.,Residential_Services
The fan is not working.,Residential_Services
The geyser is not working.,Residential_Services
The geyser wire is fused.,Residential_Services
The AC is not working properly and giving hot air.,Residential_Services
The window AC is not working.,Residential_Services
The switch/socket board in the room is not working.,Residential_Services
The bathroom switch is not working.,Residential_Services
The washroom drainage is blocked.,Residential_Services
The wash basin tap is not working and the pipe needs repair.,Residential_Services
There is repeated drainage blockage in the washroom.,Residential_Services
I want to know whether CDP project participation is compulsory and need detailed information.,Division_of_Research_and_Development
I need information regarding online certificates starting from 11 August.,Academics
The concepts in C programming are not clear. The teacher reads from PPTs and does not explain coding properly.,Academics
"During my online MEC136 exam, my laptop screen went black and I was blocked from attempting the exam. I request rescheduling or unblocking.",Examination
Our semester fee is higher compared to seniors and juniors. We request fee reduction.,Fees_and_Account
I want to change the password of my university email account.,IT
I need access to my LPU email password for academic purposes.,IT
Cleaning of ceiling fan required.,Residential_Services
The geyser was repaired recently but has stopped working again.,Residential_Services
Geyser is not providing hot water.,Residential_Services
Tube light needs replacement.,Residential_Services
Study table is damaged.,Residential_Services
Flush tank pipe is broken and water is leaking.,Residential_Services
Roof is leaking from the ceiling.,Residential_Services
Water cooler drainage is blocked.,Residential_Services
Water is not coming from one tap.,Residential_Services
Desert cooler needs cleaning.,Residential_Services
The motor of the desert cooler is not working.,Residential_Services
There is an opening near the cooler from where a mouse enters the room.,Residential_Services
Request for hostel room change from basement to non-basement room.,Residential_Services
I want to continue my online certification from home instead of staying in hostel.,Academics
There is an opening near the cooler from where a mouse enters the room.,Residential_Services
Request for approval of career service registration as it is pending.,Placements
Can we add screenshots of an Excel sheet in the CDP report?,Division_of_Research_and_Development
I want to know which category to select ('Other' or 'Youth Social Responsibility') while registering participants in CDP.,Division_of_Research_and_Development
Is it permissible to complete the 20-day online certification from hostel instead of university labs?,Academics
request for rescheduling my exam due to technical issue during CSE320 online exam,Examination
grade upgradation request for CSE202,Examination
request for cancellation of indisciplinary case for night leave,Security_and_Safety
tube light or ceiling light not working in bathroom,Residential_Services
wifi not working in my hostel room since morning please check,IT
i forgot my ums password and cannot login please help,IT
internet is very slow in lab today we cannot open websites,IT
i want to know when admission result will come,Admissions
i filled admission form but payment page not opening,Admissions
i uploaded wrong document in admission form how to correct it,Admissions
my exam timetable is not visible in ums portal,Examination
i was not able to submit my exam form it was showing error,Examination
marks showing wrong in my result please check it,Examination
i paid semester fee but it is still showing pending in portal,Fees_and_Account
how to download fee receipt for loan purpose,Fees_and_Account
my scholarship money not updated in fee account,Fees_and_Account
water not coming in hostel bathroom from yesterday,Residential_Services
hostel cleaning not done for many days please check,Residential_Services
someone stole my cycle from hostel parking area,Security_and_Safety
students are making fight near hostel block at night,Security_and_Safety
library card is not working when i try to issue book,Library
attendance showing less but i attended all classes please check,Academics
how to submit my research progress report online,Division_of_Research_and_Development
door making heavy noise and not opening properly,Residential_Services
geyser not working properly no hot water coming,Residential_Services
fan making noise and not working properly,Residential_Services
washroom not cleaned properly bad smell coming,Residential_Services
light not working in my hostel room,Residential_Services
switch board problem in room not working,Residential_Services
socket not working cannot charge laptop,Residential_Services
study table broken in hostel room,Residential_Services
curtain missing in hostel room window,Residential_Services
tap leaking in washroom continuously,Residential_Services
grouting problem in washroom floor,Residential_Services
switch socket problem near bed not working,Residential_Services
door problem lock not working properly,Residential_Services
curtain rod broken in room,Residential_Services
enquiry about reappear exam date,Examination
request for outdoor exercise equipment near girls hostel,Residential_Services
cdp certificate not received even after request,Academics
need help for online certification of cdp,Academics
please tie rope in balcony for drying clothes,Residential_Services
problem in downloading cse online certification,Academics
attendance marked wrong for online class please check,Academics
luggage safety issue in university cloakroom,Security_and_Safety
travel planning issue due to fractal exam schedule,Academics
technical problem during cse320 online exam codetantra blocked me,Examination
unable to understand concept in cse211 class please review teaching method,Academics
please review my dsa end term marks i think evaluation is wrong,Examination
need information about skill development courses exam and benefits,Academics
fee paid but still not updated in ums account,Fees_and_Account
problem with theory etp exam result answer uploaded but showing not submitted,Examination
need help regarding seating plan issue for theory etp exam,Examination
technical issue during online exam invigilation/proctoring system,Examination
need revised demand letter for education loan fee certificate,Fees_and_Account
fee payment done but still showing pending in system,Fees_and_Account
request for fee payment extension due to bank loan process,Fees_and_Account
washbasin drainage problem in washroom,Residential_Services
mess and laundry residential fee already paid but still showing dr,Fees_and_Account
need fee structure document and loan letter for bank education loan,Fees_and_Account
rude behaviour by teacher during etp viva and given very low marks,Examination
request to remove ums disciplinary case for coming late due to traffic,Security_and_Safety
library book return date not updating in system please check,Library
I do not have access to my university-provided student email ID. I need the email ID and password in order to avail student benefits and access academic resources.,IT
"During my CSE121 online examination, I was unable to attempt the exam due to an issue with the Codetantra proctoring software. The system prevented me from taking the exam properly.",Examination
"While attempting my ECE249 online examination, I plugged in my laptop charger during the exam, after which I faced technical issues that affected my exam attempt.",Examination
"I was attending my online class, but the session was suspended and I was marked absent despite being present.",Academics
"I have been allotted section K24DM, but I am facing issues related to students in that section. I would like to request a change of section.",Academics
"I had my GEN231/CDP Viva scheduled, but I was unable to attend due to medical reasons. I request rescheduling of the viva.",Examination
I was unable to join the GEN231/CDP online viva session for approximately 1.5 hours due to technical issues. I request rescheduling.,Examination
"I completed my WNS certification, but I have not yet received the certificate. I request clarification and issuance of the certificate.",Division_of_Research_and_Development
"I attended my online class, but due to suspension of the session, I was marked absent incorrectly.",Academics
My Summer CDP Viva is scheduled and I request duty leave approval to attend the viva.,Academics
"My Infosys Springboard certificate was verified, but the attendance benefit has not been properly updated in my academic record.",Academics
I missed my GEN231 Viva due to a medical emergency and I request rescheduling of the viva.,Examination
Request to review bonus attendance for Infosys Springboard certificate not approved,Academics
Flush tank hinge not working and seat cover not attached in hostel bathroom,Residential_Services
Follow up on peer tutor interview status for ECE249 selection,Academics
Request for hostel transfer so I can stay with my friend in another hostel,Residential_Services
Concern regarding adjustment of residential fees for 20 days online certification from home,Fees_and_Account
Clarification regarding hostel allotment during fractal term certification,Residential_Services
Request to know RPL exam date and syllabus under EduRev,Examination
Request to change location preference for online certification from hostel to home,Academics
"Query about next steps for submitting CDP report, certificates,  photos and excel sheet",Academics
Question about extra charges and proctor exam if online certification is done from hostel,Academics
"Clarification regarding CDP requirement for certificates,  Aadhaar numbers and geotagged photos ",Academics
Not satisfied with result and grade assignment in courses PEL130 and DBMS,Examination
Issue downloading bonafide certificate for education loan application,Academics
Request for rescheduling MEC136 exam due to blocking during online test,Examination
Network issue caused blocking during MEC136 exam and affected performance,Examination
Blocked during online MEC136 exam and seeking assistance,Examination
Request to extend date of CSE320 ETP exam for section K24FD,Examination
Inquiry about pursuing a parallel online degree while studying CSE,Admissions
Uniform fee paid but uniform not yet received,Academics
Grade point seems incorrect in soft skills and CSE326 exam results,Examination
WiFi connectivity issue on laptop in hostel,IT
Split AC display not working and temperature cannot be changed,Residential_Services
Inquiry about induction start date for university reporting,Admissions
Request for admission proof and placement record for education loan application,Placements
Request to book laundry facility in hostel,Residential_Services
Unable to access LPU student email and password for Infosys Springboard registration,IT
Query about compounding fee added in semester fee account,Fees_and_Account
Request to cancel remedial class of CSE211 due to schedule conflict and fee concern,Academics
Request to cancel online remedial class of CSE211 and clarification about attendance impact,Academics
Request for LPU student email password to join course using university email ID,IT
Request to update parent contact number in university profile,Academics
Request for cement patch work repair in hostel room,Residential_Services
Request for timetable of term 2 for BTech CSE Artificial Intelligence and Data Engineering,Academics
Power supply issue in library basement area,Library
Received 85 marks in OOPS programming but got grade A instead of higher grade,Examination
NeoBrowser software not downloading on my system,IT
Request for LPU student email password,IT
Request to change hostel preference to home for certification and adjust hostel fee,Fees_and_Account
Fee payment update confirmation required after payment,Fees_and_Account
Amount credited through bank but not updated in UMS fee account,Fees_and_Account
How to download fee receipt from UMS portal,Fees_and_Account
Request for demand letter for bank loan fee submission,Fees_and_Account
Query regarding placement records submission for loan purpose,Placements
Request to know loan letter application process,Admissions
Issue while applying for certificate on UMS portal,Academics
Request for demand letter and admission letter for education loan application,Admissions
Request for admission letter and fee structure for loan application,Admissions
Inquiry about fee structure required for bank loan application,Fees_and_Account
Request for fee structure document for bank loan procedure,Fees_and_Account
Unable to login with LPU official email while installing AUTOCAD software,IT
Request to cancel CA4 and WTP exam due to clash with end term exams,Examination
Request to allot same hostel room with my brother due to personal issue,Residential_Services
my wallet got lost in campus maybe near library please help,Security_and_Safety
my phone got lost in library reading hall please help,Security_and_Safety
students smoking near hostel corridor at night please take action,Security_and_Safety
cannot login into microsoft 365 to upload infosys certificate,IT
is there bonus attendance for infosys certificate in fractal 2,Academics
request to remove umc case imposed on me during exam it was misunderstanding,Security_and_Safety
please review disciplinary case filed against me for hostel late entry,Security_and_Safety
i apologise for breaking hostel timing please remove the disciplinary case,Security_and_Safety
umc case imposed during exam but i did not use any unfair means please check,Security_and_Safety
request for cancellation of indisciplinary case for night leave delay,Security_and_Safety
security guard reported me for late hostel entry please review the case,Security_and_Safety
disciplinary case registered by mistake during exam please verify,Security_and_Safety
infosys certificate attendance benefit not updated in portal please check,Academics
verification request for central reserve police force merit scholarship form,Fees_and_Account
need information about documents required for crpf merit scholarship scheme,Fees_and_Account
career services registration completed but approval still pending please review,Placements
technical issue during phy110 online exam system blocked and marked absent please reschedule,Examination
faced technical issue in phy110 and cse121 exam need reschedule update,Examination
could not start phy110 online exam due to system glitch please reschedule exam,Examination
system blocked during cse121 online exam after few questions please allow reschedule,Examination
answers uploaded in mec136 exam but showing not submitted please check,Examination
attendance marked absent even though i was present in class please update attendance,Academics
please remove warning issued for hostel corridor noise it was misunderstanding,Security_and_Safety
security complaint filed against me by mistake please review the report,Security_and_Safety
request to reconsider umc case during online exam due to technical issue,Security_and_Safety
placement portal not opening when i try to register for company drive,Placements
i missed the placement registration deadline can i still apply,Placements
my internship approval is still pending please check,Placements
company interview schedule not visible on placement portal,Placements
i want to cancel my internship registration please guide,Placements
placement offer letter not uploaded in portal please check,Placements
i was selected in company but joining details not received yet,Placements
placement portal showing error while uploading resume,Placements
i want to opt out from placement process please guide,Placements
summer internship registration link not working,Placements
unable to register for upcoming placement drive portal showing error,Placements
my resume is not uploading on placement portal please check,Placements
selected for internship but approval not showing in portal,Placements
company shortlist not visible on placement portal please update,Placements
i want to withdraw from current placement drive please guide,Placements
placement registration submitted but status still pending,Placements
interview link for company drive not received yet,Placements
offer letter from company not uploaded in placement portal,Placements
placement duty leave not approved in ums please check,Placements
i rejected offer but still showing active in placement portal,Placements
company interview timing not visible on placement dashboard,Placements
internship completion certificate where to upload in placement portal,Placements
unable to update resume details in placement portal,Placements
placement cell contact details needed for internship query,Placements
drive registration successful but company name not visible in portal,Placements
i need help with frro registration process as international student,International_Affair
my visa is expiring soon how can i apply for extension,International_Affair
passport details not updated in university records please help,International_Affair
i want to apply for semester exchange program please guide,International_Affair
need information about international student orientation schedule,International_Affair
how to update new passport details in ums portal,International_Affair
i want to know eligibility for study abroad program,International_Affair
frro appointment booking problem please help,International_Affair
international office contact number needed for visa query,International_Affair
how can international students apply for scholarship in university,International_Affair
travel documents required for exchange program please inform,International_Affair
need support for residence permit process in india,International_Affair
request to change teacher for my subject because teaching is not understandable,Academics
please mark my attendance for lecture i was present but marked absent,Academics
request for grace marks to clear subject mth302 examination,Examination
i failed by few marks in phy110 please consider grace marks,Examination
i returned library book but fine still showing in my account,Library
cannot access digital library resources from hostel network,Library
library computer login not working when trying to access journals,Library
book i reserved online is not showing ready for pickup,Library
library portal showing error while checking available books,Library
library book return not updated in system even after submitting book,Library
unable to access university e-journal database from my login,Library
library id card not scanning at entry gate please check,Library
book issue machine not working in library today,Library
i lost my library card how can i get a new one,Library
library fine showing but i already returned the book,Library
cannot renew borrowed book through library portal,Library
library reading hall seats always full how can we reserve seat,Library
unable to login to digital library portal using university id,Library
book i need is showing available but staff said not in rack,Library
library printer not working when trying to print notes,Library
digital library page loading very slow please check,Library
library system showing wrong due date for my issued book,Library
how to request new academic book for library purchase,Library
unable to access plagiarism software through library login,Library
library computer system automatically logging out while working,Library
book reservation request cancelled automatically please check,Library
library gate entry not allowing me even with valid id card,Library
doubt in probability assignment,HOD_MATH
issue in MTH302 marks,HOD_MATH
probability and statistics assignment doubt,HOD_MATH
grading problem in statistics exam,HOD_MATH
doubt in probability distribution topic,HOD_MATH
MTH302 assignment submission issue,HOD_MATH
statistics project clarification needed,HOD_MATH
probability quiz evaluation issue,HOD_MATH
internal marks problem in MTH302,HOD_MATH
doubt regarding statistics lecture,HOD_MATH
MTH302 exam question clarification,HOD_MATH
probability assignment grading issue,HOD_MATH
statistics homework doubt,HOD_MATH
probability and statistics project query,HOD_MATH
attendance issue in MTH302,HOD_MATH
confusion in probability theory topic,HOD_MATH
statistics exam preparation doubt,HOD_MATH
doubt about MTH302 syllabus,HOD_MATH
probability exam marking issue,HOD_MATH
statistics assignment evaluation issue,HOD_MATH
cannot open research papers from library database,Library
library website showing error while searching books,Library
reading hall light very dim cannot study properly please check,Library
library staff asked fine but system not showing any fine,Library
book i returned last week still showing issued in my account,Library
unable to download journal article from library portal,Library
library study room booking option not working in portal,Library
My programming practice marks for CSE202 are not visible in UMS. Please update them.,Academics
I think my internal marks for Data Structures are incorrect. Kindly verify them once.,Academics
The syllabus page on UMS is not opening. I need the syllabus for the next semester.,Academics
My attendance is showing very low even though I attended most of the classes. Please check.,Academics
"I appeared in the improvement exam, but my result is still not updated in the portal.",Academics
The mid-term marks for Operating Systems are not uploaded yet. Please update them.,Academics
I am unable to download my grade sheet from UMS as it shows an error.,Academics
My CGPA calculation seems incorrect after the last semester result. Kindly verify.,Academics
I want to apply for rechecking of my end-term answer sheet. Please guide me.,Examination
The seating plan for tomorrow’s exam is not visible in my portal.,Examination
"During the online exam, my system got locked and I could not continue the test. Please help.",Examination
My exam form submission status is still pending even after payment.,Examination
The practical exam schedule is not available on UMS. Please share the dates.,Examination
I missed my exam due to a medical emergency. How can I apply for reappear?,Examination
I am unable to log in to my university email account. Please reset my password.,IT
The Wi-Fi in the academic block disconnects frequently while attending online classes.,IT
The UMS portal is showing a server error while uploading my assignment.,IT
My university email ID is not activated yet. Please check.,IT
I cannot access Microsoft Teams using my university credentials.,IT
"I want to update my resume on the placement portal, but the page is not loading.",Placements
"I registered for a placement drive, but my name is not appearing in the eligible list.",Placements
The company interview schedule is not visible in the placement portal.,Placements
"I uploaded my resume, but it is showing pending verification in the placement portal.",Placements
I need previous year placement statistics for education loan purposes.,Placements
"I submitted my admission documents, but the verification status is still pending.",Admissions
"My fee payment is completed, but it is not reflected in the admission portal.",Admissions
I want to change my branch preference after admission. Is it possible?,Admissions
My admission letter is not available for download in the portal.,Admissions
"I uploaded my certificates during admission, but they are showing rejected. Please check.",Admissions
"How can I apply for a research project under the university?",Division_of_Research_and_Development
"What is the procedure to register a new research project?",Division_of_Research_and_Development
"How do I submit my research proposal to the R&D division?",Division_of_Research_and_Development
"Where can I find information about ongoing research projects?",Division_of_Research_and_Development
"How can I apply for research funding or grants?",Division_of_Research_and_Development
"What documents are required to apply for research funding?",Division_of_Research_and_Development
"How can faculty members collaborate on research projects?",Division_of_Research_and_Development
"How do I register my innovation or prototype with the R&D department?",Division_of_Research_and_Development
"What is the process for patent filing through the university?",Division_of_Research_and_Development
"How can I apply for patent support from the R&D division?",Division_of_Research_and_Development
"Where can I submit my research paper for university publication support?",Division_of_Research_and_Development
"How do I participate in university research programs?",Division_of_Research_and_Development
"What facilities are available in the university research labs?",Division_of_Research_and_Development
"How can students join faculty research projects?",Division_of_Research_and_Development
"Is there any funding available for student innovation projects?",Division_of_Research_and_Development
"How can I register for a research workshop or seminar?",Division_of_Research_and_Development
"Where can I check upcoming research conferences supported by the university?",Division_of_Research_and_Development
"How do I get approval for using research lab equipment?",Division_of_Research_and_Development
"What is the process for interdisciplinary research collaboration?",Division_of_Research_and_Development
"How can I submit my research progress report?",Division_of_Research_and_Development
"How do I apply for incubation support for my startup idea?",Division_of_Research_and_Development
"Where can I get mentorship for my research project?",Division_of_Research_and_Development
"How can I access research journals provided by the university?",Division_of_Research_and_Development
"What is the procedure to commercialize a university research project?",Division_of_Research_and_Development
"How can I request research data from the university database?",Division_of_Research_and_Development
"What support does the R&D division provide for innovation?",Division_of_Research_and_Development
"How can I register for the university innovation challenge?",Division_of_Research_and_Development
"Where can I find guidelines for research ethics approval?",Division_of_Research_and_Development
"How do I apply for travel grants for research conferences?",Division_of_Research_and_Development
"How can I track the status of my submitted research proposal?",Division_of_Research_and_Development
doubt in CSE274 assignment,HOD_ML
applied machine learning assignment not clear,HOD_ML
issue with CSE274 project submission,HOD_ML
grading problem in applied machine learning,HOD_ML
I have doubt in machine learning lab,HOD_ML
my CSE274 marks are incorrect,HOD_ML
assignment deadline for applied ML,HOD_ML
problem with applied machine learning quiz,HOD_ML
ML assignment portal not working,HOD_ML
doubt in applied machine learning topic,HOD_ML
project topic approval for CSE274,HOD_ML
clarification required for machine learning assignment,HOD_ML
applied ML assignment submission error,HOD_ML
exam preparation doubt in CSE274,HOD_ML
machine learning lab evaluation issue,HOD_ML
ML internal marks not updated,HOD_ML
applied machine learning attendance issue,HOD_ML
question regarding machine learning project,HOD_ML
applied ML syllabus clarification,HOD_ML
doubt regarding CSE274 lecture content,HOD_ML
there were questions out of syllabus in CSE274,HOD_ML
machine learning exam paper was difficult,HOD_ML
probability exam questions were confusing,HOD_MATH
attendance shortage in this semester,Academics
clarification needed about internal marks policy,Academics
how can i improve my attendance record,Academics
issue regarding class timetable clash,Academics
request for academic advisor meeting,Academics
need guidance for course registration,Academics
problem accessing course materials on portal,Academics
clarification regarding grading criteria,Academics
academic calendar information needed,Academics
issue regarding subject registration deadline,Academics
query regarding admission eligibility criteria,Admissions
problem submitting admission documents online,Admissions
how to update my admission application details,Admissions
clarification about admission fee payment process,Admissions
issue with admission confirmation email,Admissions
request for admission status update,Admissions
difficulty uploading admission certificates,Admissions
question about admission deadline extension,Admissions
exam schedule not visible on portal,Examination
request for revaluation of exam paper,Examination
exam admit card download issue,Examination
exam hall ticket not generated,Examination
exam timetable conflict problem,Examination
request to verify exam marks,Examination
issue with examination result publication,Examination
problem accessing exam result on website,Examination
complaint about exam seating arrangement,Examination
question regarding exam rechecking process,Examination
fee payment not reflected in portal,Fees_and_Account
issue generating fee receipt,Fees_and_Account
request for fee refund status,Fees_and_Account
scholarship amount not credited,Fees_and_Account
difficulty paying fee through online portal,Fees_and_Account
late fee charged incorrectly,Fees_and_Account
request to update fee payment details,Fees_and_Account
problem downloading fee payment confirmation,Fees_and_Account
information about international exchange program,International_Affair
query regarding study abroad eligibility,International_Affair
issue with international student documentation,International_Affair
request guidance for foreign internship opportunities,International_Affair
clarification regarding international scholarship programs,International_Affair
problem registering for global exchange program,International_Affair
wifi connectivity issue in hostel,IT
student portal login not working,IT
unable to reset university email password,IT
problem accessing LMS portal,IT
internet connection very slow in lab,IT
issue installing university software license,IT
error while uploading assignment on portal,IT
network outage in campus area,IT
problem accessing online classroom platform,IT
unable to connect to campus VPN,IT
placement eligibility criteria clarification,Placements
request for internship opportunities information,Placements
issue registering for placement drive,Placements
placement portal not accessible,Placements
question about company recruitment process,Placements
problem uploading resume on placement portal,Placements
request update on placement schedule,Placements
query regarding minimum CGPA requirement for placements,Placements
issue receiving placement notifications,Placements
guidance required for interview preparation sessions,Placements
information about research project opportunities,Division_of_Research_and_Development
issue submitting research proposal,Division_of_Research_and_Development
request guidance for research paper publication,Division_of_Research_and_Development
query about research funding application process,Division_of_Research_and_Development
problem accessing research lab resources,Division_of_Research_and_Development
clarification regarding innovation grant programs,Division_of_Research_and_Development
library book not available in catalog,Library
issue renewing borrowed library book,Library
library access card not working,Library
request to extend book borrowing period,Library
problem accessing digital library resources,Library
library fine incorrectly applied,Library
unable to reserve book through library portal,Library
library study room booking issue,Library
cant login to student portal since morning,IT
wifi nt working properly in hostel block B,IT
lms page loading very slow today,IT
plz help reset my university email password,IT
getting error while uploading assignment on portal,IT
campus internet disconnecting again and again,IT
vpn connection failing from hostel network,IT
online class platform showing connection error,IT
unable to open digital classroom link,IT
software license activation not working on lab pc,IT
attendance showing wrong in portal,Academics
subject registration option not visible,Academics
need info about academic probation rules,Academics
cgpa calculation showing incorrect result,Academics
unable to see internal marks for one subject,Academics
class schedule overlapping with another lecture,Academics
requesting academic guidance for next semester subjects,Academics
course materials missing from student portal,Academics
how to apply for academic leave,Academics
semester course list not updated in system,Academics
admission portal not accepting my documents,Admissions
application form showing submission error,Admissions
how to edit details in admission form,Admissions
admission payment status still pending,Admissions
didnt receive admission confirmation mail yet,Admissions
issue uploading identity proof in admission portal,Admissions
need update regarding admission verification process,Admissions
admission application stuck on review stage,Admissions
exam result not visible for one subject,Examination
exam hall ticket download link not working,Examination
want to apply for exam paper rechecking,Examination
exam marks seem incorrect for one paper,Examination
exam timetable showing two exams same day,Examination
unable to download exam admit card,Examination
result portal crashing while checking marks,Examination
need clarification about exam improvement policy,Examination
revaluation request status not updated,Examination
exam center information missing in admit card,Examination
fee payment deducted but not updated in portal,Fees_and_Account
unable to download fee receipt after payment,Fees_and_Account
late fee charged even though payment done earlier,Fees_and_Account
scholarship not reflected in fee structure,Fees_and_Account
payment gateway error during fee submission,Fees_and_Account
need assistance regarding hostel fee payment,Fees_and_Account
refund request submitted but no update yet,Fees_and_Account
installment payment option not available,Fees_and_Account
looking for info about exchange semester programs,International_Affair
international internship application guidance needed,International_Affair
foreign study program eligibility details required,International_Affair
documentation requirements for overseas program,International_Affair
application link for international collaboration program,International_Affair
need help registering for student exchange program,International_Affair
hostel bathroom water leakage issue,Residential_Services
mess food quality complaint from hostel block,Residential_Services
need room maintenance service urgently,Residential_Services
fan not working properly in hostel room,Residential_Services
requesting change of hostel room allocation,Residential_Services
electric socket damaged in hostel room,Residential_Services
need cleaning service in hostel corridor,Residential_Services
hostel laundry machine not working,Residential_Services
lost wallet near campus cafeteria area,Security_and_Safety
someone stole bicycle from hostel parking,Security_and_Safety
campus street lights not working at night,Security_and_Safety
security patrol required near hostel gate,Security_and_Safety
unauthorized person seen in hostel building,Security_and_Safety
need help locating lost student id card,Security_and_Safety
placement portal not showing company list,Placements
cgpa eligibility for upcoming placement drive,Placements
resume upload option not working in placement portal,Placements
placement orientation session schedule needed,Placements
company interview slot not visible in portal,Placements
internship registration form not accessible,Placements
need help updating profile for placement drive,Placements
placement notifications not received on email,Placements
company eligibility criteria clarification required,Placements
problem accessing placement training material,Placements
need guidance for submitting research proposal,Division_of_Research_and_Development
how to apply for university research grant,Division_of_Research_and_Development
query about research lab access permission,Division_of_Research_and_Development
research project registration process unclear,Division_of_Research_and_Development
looking for innovation funding opportunities,Division_of_Research_and_Development
problem submitting innovation project details,Division_of_Research_and_Development
library search system not returning results,Library
unable to renew borrowed books online,Library
digital library login failing repeatedly,Library
fine charged even after returning book,Library
library website showing server error,Library
unable to access research journals from library portal,Library
library membership card not working,Library
problem reserving book through online catalog,Library
machine learning assignment instructions unclear,HOD_ML
grading seems incorrect for ML lab work,HOD_ML
probability exam difficulty level too high,HOD_MATH
statistics homework submission not accepted,HOD_MATH
I want to apply for education revolution,EDU_REV
For rpl exam for course CSE274 what is required?,HOD_ML
I have applied for 10% attendance relaxation in edu rev not get till now,EDU_REV
I passed my rpl exam of cse202 can i skip my classes from now?,EDU_REV
I applied for revenue generation in edu rev what is status?,EDU_REV
i want duty leave for gate exam preparation,EDU_REV
how to apply for attendance benefit for competitive exam,EDU_REV
i participated in smart india hackathon how can i claim benefit,EDU_REV
need approval for attending national level hackathon,EDU_REV
how to submit proof for cat exam participation,EDU_REV
can i get duty leave for upsc exam day,EDU_REV
documents required for edu revolution attendance benefit,EDU_REV
how to claim attendance relaxation for competitive exams,EDU_REV
i qualified gate exam can i apply for academic benefit,EDU_REV
need guidance for applying edu revolution benefits,EDU_REV
i participated in microsoft imagine cup event how to apply benefits,EDU_REV
query regarding duty leave for technical competition,EDU_REV
need approval for attending national technical event,EDU_REV
how to upload proof of participation in hackathon,EDU_REV
edu revolution benefit for coding competition participation,EDU_REV
i published research paper how to claim grade upgrade,EDU_REV
benefits for scopus indexed research publication,EDU_REV
how to apply for grade upgradation for research work,EDU_REV
process for claiming academic benefit for conference paper,EDU_REV
query regarding patent filing academic benefit,EDU_REV
i completed international certification how to claim benefit,EDU_REV
how to submit certificate for grade upgradation,EDU_REV
benefit policy for completing professional certification,EDU_REV
oracle certification benefit in academics,EDU_REV
query about internship academic benefit policy,EDU_REV
how to apply for internship based academic benefit,EDU_REV
documents required for internship benefit approval,EDU_REV
can internship improve internal assessment marks,EDU_REV
clarification regarding internship academic benefit eligibility,EDU_REV
query regarding nptel course equivalence benefit,EDU_REV
how to claim benefit for completing nptel certification,EDU_REV
benefit rules for mooc certification course,EDU_REV
I have applied for rpl for cse274 course,HOD_ML
can nptel course replace university course,EDU_REV
how to apply for recognition of prior learning benefit,EDU_REV
process to claim course waiver using prior certification,EDU_REV
benefit for professional experience under rpl policy,EDU_REV
how to apply for student revenue generation benefit,EDU_REV
query regarding attendance benefit for startup revenue,EDU_REV
what proof required for student revenue generation policy,EDU_REV
grade upgrade benefit for generating project revenue,EDU_REV
i cleared gate exam this year how can i apply for edu revolution benefit,EDU_REV
i participated in national level hackathon last week how to claim attendance benefit,EDU_REV
need approval for attending international coding competition,EDU_REV
can i get duty leave for appearing in cat exam next month,EDU_REV
i qualified nptel course with elite certificate how to claim benefit,EDU_REV
how can i apply for attendance relaxation after participating in hackathon,EDU_REV
i completed google cloud certification can it be considered under edu revolution,EDU_REV
process to submit proof of participation for technical competition benefit,EDU_REV
need help claiming academic benefit for participating in innovation challenge,EDU_REV
i attended national research conference how to apply for edu revolution points,EDU_REV
i built a startup prototype during university event can i claim revenue generation benefit,EDU_REV
how to apply for grade improvement after publishing research article,EDU_REV
i filed a patent for my project how to claim academic upgrade,EDU_REV
benefit policy for publishing paper in international journal,EDU_REV
i completed professional certification in machine learning can it count for edu rev,EDU_REV
process to register research publication for edu revolution benefit,EDU_REV
what documents are needed for claiming patent related academic benefit,EDU_REV
can research internship be counted under edu revolution program,EDU_REV
how to claim benefit after presenting paper at national conference,EDU_REV
clarification about academic benefit for research innovation projects,EDU_REV
i completed internship in data science company how can i claim edu revolution benefit,EDU_REV
query regarding benefit for industry internship during semester break,EDU_REV
does internship completion certificate qualify for academic upgrade,EDU_REV
how to apply for attendance benefit after finishing summer internship,EDU_REV
i completed advanced python certification can it count under edu rev policy,EDU_REV
i finished nptel course on artificial intelligence how to apply benefit,EDU_REV
query regarding benefit for completing coursera specialization course,EDU_REV
can mooc certifications improve internal assessment grades,EDU_REV
need information about academic advantage for completing external certification,EDU_REV
i completed edx certification program how to register it for edu revolution,EDU_REV
how to claim benefit for participating in university innovation competition,EDU_REV
need guidance for applying edu revolution benefit after technical event participation,EDU_REV
process for submitting participation proof for coding contest,EDU_REV
can hackathon winners get additional academic credits,EDU_REV
clarification regarding attendance relaxation for technology competitions,EDU_REV
I have applied for rpl for cse302 course,EDU_REV
i attended entrepreneurship summit representing university how to apply benefit,EDU_REV
benefit rules for students generating revenue through innovation projects,EDU_REV
startup project generated income can i apply for edu revolution policy,EDU_REV
query about recognition of prior learning through industry experience,EDU_REV
how to apply academic benefit for completing professional training program,EDU_REV
What will be syllabus for rpl exam of cse274,HOD_ML